CREATE DATABASE `library2` /*!40100 DEFAULT CHARACTER SET utf8mb4 COLLATE utf8mb4_general_ci */;

INSERT INTO library2.books
(id, title, description, `year`, price, author, slug, body, thumbnail, created_at, updated_at)
VALUES(1, 'Bolondok hercege', 'Egy bolond hercegről szól', '2014', 20, 'Mark Lawrence', 'bolondok-hercege', '<p>Mark ​Lawrence egy újabb trilógia erejéig visszatér a Széthullott Birodalomba, hogy ezúttal egy kevésbé ambiciózus hercegről regéljen…
</p>
<p>A vörös királynő öreg már, de a Széthullott Birodalom királyai így is mindenki másnál jobban tartanak tőle. Legfélelmetesebb fegyvere a titokzatos Néma Nővér, akit senki sem láthat, de a nevét rettegve emlegetik.</p>

<p>A királynő unokája, a gyáva és részeges nőcsábász, emellett szenvedélyes szerencsejátékos Jalan Kendeth herceg mindössze tizedik az öröklési sorrendben, ám tökéletesen elégedett jelentéktelen szerepével.
</p>
<p>A Néma Nővér által állított halálcsapdából megmenekülve sorsa összefonódik Snorri ver Snagasonéval, az ádáz viking harcoséval. Hogy megtörjék a kettejüket egymáshoz béklyózó varázst, útnak indulnak a Széthullott Birodalmon át a jeges észak felé. A Holt Király bérencei elől menekülve számtalan veszéllyel, készséges nőkkel, Skilfarral, a jégboszorkával, sőt, még egy Jorg Ancrath nevű jöttment herceggel és bandájával is találkoznak.</p>

<p>Ám Jalan csak egyetlen dologra vágyik: szabadulni Snorritól, mielőtt a viking óriás küldetése sikerrel jár, és végre farkasszemet nézhet ellenségeivel a Fekete Erődben, a Metsző Jég peremén.
</p>
<p>A regényt a szerző előző műveihez hasonlóan a neves műfordító Gy. Horváth László (Gépnarancs, A hobbit, Pi élete, stb.) ültette át magyar nyelvre.</p>

<p>„Mark Lawrence a legjobb dolog, ami a fantasy műfajjal történt az utóbbi években.”
Peter V. Brett, New York Times bestseller szerző</p>', 'thumbnails/C6bmP2RhDNkCQLhBMtZJQtgmhw0TKBaeVpEEhLK9.jpg', '2023-11-02 21:23:41', '2023-11-02 21:23:41');
INSERT INTO library2.books
(id, title, description, `year`, price, author, slug, body, thumbnail, created_at, updated_at)
VALUES(2, 'A hazug kulcsa', 'Jal csupán haza szeretne térni a nőkhöz, a borhoz és az élet egyéb örömeihez, de Snorrinak célja van a kulccsal: ő az alvilág kapuját keresi, hogy szélesre tárhassa, és visszahozhassa családját az élők világába.', '2015', 20, 'Mark Lawrence', 'a-hazug-kulcsa', '<p>A vörös királynő megindította a bábuit a sakktáblán…</p>

<p>A Bolondok hercegében elmesélt vérfagyasztó kalandok során Jalan Kendeth, a gyáva és élvhajhász herceg és Snorri ver Snagason, a megkeseredett viking harcos szert tesz Loki kulcsára, amely minden ajtót ki tud nyitni, és amelyre a Széthullott Birodalom legveszedelmesebb erői vágyakoznak – köztük maga a Holt Király.</p>

<p>Jal csupán haza szeretne térni a nőkhöz, a borhoz és az élet egyéb örömeihez, de Snorrinak célja van a kulccsal: ő az alvilág kapuját keresi, hogy szélesre tárhassa, és visszahozhassa családját az élők világába.</p>

<p>A kettejüket összeláncoló varázslat miatt a herceg kénytelen Snorrival tartani veszedelmes útján. Váratlan útitársként csatlakozik hozzájuk Kara, a tüzes völva, akinek szintén megvannak a saját kifürkészhetetlen céljai.
</p>
<p>A regényt a szerző előző műveihez hasonlóan a neves műfordító, Gy. Horváth László (Gépnarancs, A Hobbit, Pi élete stb.) ültette át magyar nyelvre.</p>', 'thumbnails/6r8EoMEUf1FRWqAuwaW1aamKYh7yiURVCr3qggNV.jpg', '2023-11-02 21:25:35', '2023-11-02 21:25:35');
INSERT INTO library2.books
(id, title, description, `year`, price, author, slug, body, thumbnail, created_at, updated_at)
VALUES(3, 'Az ​Osheimi Kerék', 'A ​Pokol minden borzalma áll Snorri ver Snagason és családja megmentése közé. Már ha egyáltalán fel lehet támasztani a halottakat.', '2016', 20, 'Mark Lawrence', 'az-osheimi-kerek', '<p>A ​Pokol minden borzalma áll Snorri ver Snagason és családja megmentése közé. Már ha egyáltalán fel lehet támasztani a halottakat.</p>

<p>Jalan Kendethnek viszont csak az számít, hogy megússza élve, persze Loki kulcsával együtt, amely nemcsak minden ajtót és minden zárat nyit, hanem könnyen lehet, hogy egyben sorsának is kulcsa az élők világában.</p>

<p>Jal szeretne végre visszatérni a henye és kicsapongó élete lényegét jelentő örömökhöz, a nőkhöz, a borhoz, és a szerencsejátékhoz. A végzetnek azonban más, nagyobb szabású tervei vannak vele…</p>

<p>Az Osheimi Kerék közben egyre gyorsabban forog, és ha nem állítják meg, hamarosan szétrepeszti a világot. Ha minden elvész, és nincs hová menekülni, még a leggyávább embernek sem marad vesztenivalója.</p>

<p>Jal és Snorri farkasszemet néz a Holt Király hullaseregével, és menekül a Kék Hölgy számtalan tükre elől. A végén azonban, akár gyorsan, akár lassan forog, az Osheimi Kerék az úr, hacsak nem sikerül megérteniük, mi a kerék valódi természete, és mi célt szolgál.</p>', 'thumbnails/f7OOIjhdtmCUqfDMdOH7CAzwgdgDphRB3LoOevTs.jpg', '2023-11-02 21:32:15', '2023-11-02 21:32:15');
INSERT INTO library2.books
(id, title, description, `year`, price, author, slug, body, thumbnail, created_at, updated_at)
VALUES(4, 'A tövisek hercege', 'Kilencévesen végignézte, ahogy anyját és öccsét meggyilkolják. Tizenhárom évesen már egy vérszomjas rablóbanda vezére.', '2011', 20, 'Mark Lawrence', 'a-tovisek-hercege', '<p>Óvakodj a Tövisek Hercegétől…</p>

<p>Kilencévesen végignézte, ahogy anyját és öccsét meggyilkolják. Tizenhárom évesen már egy vérszomjas rablóbanda vezére.</p>

<p>Tizenöt évesen király akar lenni…</p>

<p>Elérkezett az idő, hogy Honorous Jorg Ancrath herceg visszatérjen a várba, amelynek egykor hátat fordított, és elvegye, ami jog szerint őt illeti. Mióta egy tüskebokor tövisein vergődve végig kellett néznie, ahogy Renar gróf emberei lemészárolják anyját és kistestvérét, Jorgot pusztán a harag vezérli. Élet és halál számára csak játszma – és nincs vesztenivalója.</p>

Á<p>m atyja várában ármány leselkedik rá. Ármány és fekete mágia. Bármennyire megingathatatlan is az akaratereje, legyőzheti-e egyetlen fiatalember az elképzelhetetlen hatalommal bíró ellenséget?
</p>', 'thumbnails/BJmPFDODQaXWEfgv1RS6lWsxSDEcZ5wWNwGZ35wn.jpg', '2023-11-02 21:33:31', '2023-11-02 21:33:31');
INSERT INTO library2.books
(id, title, description, `year`, price, author, slug, body, thumbnail, created_at, updated_at)
VALUES(5, 'A tövisek királya', 'Húszezres hadsereg vonul Jorg vára ellen, a próféciák és a nép istenített bajnokának vezetésével. Minden becsületes ember azért fohászkodik, hogy ez a dicső lovag egyesítse a birodalmat, begyógyítva sebeit.', '2012', 20, 'Mark Lawrence', 'a-tovisek-kiralya', '<p>A fiú, aki király akart lenni, megszerezte a trónt…</p>
<p>
Csaták százai perzselik fel a földeket, amint nagyurak és kiskirályok viaskodnak a széthullott birodalom uralmáért. A galádul lemészárolt anyja és öccse megbosszulásához vezető hosszú úton Honorous Jorg Ancrath herceg kiderítette, kik állnak valójában e végtelen háború mögött. Megismerte a játszmát, és elhatározta, hogy ő fogja letarolni a táblát, bármi áron.</p>

<p>Húszezres hadsereg vonul Jorg vára ellen, a próféciák és a nép istenített bajnokának vezetésével. Minden becsületes ember azért fohászkodik, hogy ez a dicső lovag egyesítse a birodalmat, begyógyítva sebeit. Minden jó király tudja, hogy meg kell hajolnia a túlerő és a jövendölések előtt, ha másért nem, hogy népét és birtokát mentse. De Jorg király nem jó király.</p>

<p>Jorg tisztában van vele, hogy a nála sokkal erősebb ellenséget tisztességes harcban nem győzheti le. Ám a tisztességes játszma sohasem szerepelt a tervei közt.</p>', 'thumbnails/pgCYq1wzrkKSRGVFOjSLNzsQxFQQQIyQ3kmRxe5V.jpg', '2023-11-02 21:35:15', '2023-11-02 21:35:15');
INSERT INTO library2.books
(id, title, description, `year`, price, author, slug, body, thumbnail, created_at, updated_at)
VALUES(6, 'A tövisek császára', 'A KIRÁLY, AKI MINDENKIN URALKODNI AKAR, MÉG NAGYOBB BIRODALOMRA VÁGYIK. DE EZ A BIRODALOM A PUSZTULÁS SZÉLÉN TÁNCOL…', '2013', 20, 'Mark Lawrence', 'a-tovisek-csaszara', '<p>A KIRÁLY, AKI MINDENKIN URALKODNI AKAR, MÉG NAGYOBB BIRODALOMRA VÁGYIK. DE EZ A BIRODALOM A PUSZTULÁS SZÉLÉN TÁNCOL…</p>

<p>Jorg Ancrath király immár húszéves és hét ország ura. Apján ezidáig nem sikerült bosszút állnia, és az őt kínzó belső démonok egyre erősödnek. Ám legyen bármilyen gyötrelmes is az útja, ő kitartóan tör előre.</p>

<p>Mert csakis egyfajta hatalmat érdemes birtokolni: a teljhatalmat.</p>

<p>Jorg császár akar lenni. Ezt a méltóságot azonban karddal nem, csak szavazatokkal lehet megszerezni. És emberemlékezet óta nem jutott még többséghez senki a császárválasztó Kongresszuson, a Széthullott Birodalomnak emberemlékezet óta nincs vezetője. Jorgnak feltett szándéka, hogy változtat ezen, és szokás szerint nem válogat a módszerekben. Még több elfeledett technológiát tár fel a múltból, és nem habozik használni azokat.</p>

<p>Csakhogy a megszerzendő birodalmat egy még nála is jobban rettegett és gyűlölt, misztikus alak fenyegeti: a Holt Király.</p>', 'thumbnails/HwwJS5E5sHuQ3mPttGDYricawi68xjb7QODa6FM3.jpg', '2023-11-02 21:36:17', '2023-11-02 21:36:17');


INSERT INTO library2.users
(id, name, email, avatar, email_verified_at, password, remember_token, created_at, updated_at)
VALUES(2, 'Krisztián', 'hbk9238@hotmail.com', 'C:\\xampp\\tmp\\php6AEE.tmp', NULL, '$2y$10$Q681NYMoFN/ih7aGy6FVN.HGX9S1OabGEJ8T13werFWUOPCx4Q.q6', NULL, '2023-11-02 20:57:23', '2023-11-02 20:57:23');
INSERT INTO library2.users
(id, name, email, avatar, email_verified_at, password, remember_token, created_at, updated_at)
VALUES(4, 'Krisztián2', 'kyser@outlook.hu', 'avatars/fxkCklsQd4rWWC8CRNmXV7OKcwXCUn87FiSI3t1X.jpg', NULL, '$2y$10$O/r1fdZwnLP84LccpH3vC.cBYgU3RdEhSiR7PR0wTpGuVGuQPqMvm', NULL, '2023-11-02 21:37:18', '2023-11-02 21:37:18');

INSERT INTO library2.rates
(id, rate, book_id, user_id, created_at, updated_at)
VALUES(1, 5, 1, 2, '2023-11-02 21:23:48', '2023-11-02 21:23:48');
INSERT INTO library2.rates
(id, rate, book_id, user_id, created_at, updated_at)
VALUES(2, 5, 2, 2, '2023-11-02 21:25:46', '2023-11-02 21:25:46');
INSERT INTO library2.rates
(id, rate, book_id, user_id, created_at, updated_at)
VALUES(3, 5, 6, 2, '2023-11-02 21:36:29', '2023-11-02 21:36:29');
INSERT INTO library2.rates
(id, rate, book_id, user_id, created_at, updated_at)
VALUES(4, 5, 5, 2, '2023-11-02 21:36:33', '2023-11-02 21:36:33');
INSERT INTO library2.rates
(id, rate, book_id, user_id, created_at, updated_at)
VALUES(5, 5, 4, 2, '2023-11-02 21:36:39', '2023-11-02 21:36:39');
INSERT INTO library2.rates
(id, rate, book_id, user_id, created_at, updated_at)
VALUES(6, 5, 3, 2, '2023-11-02 21:36:43', '2023-11-02 21:36:43');
INSERT INTO library2.rates
(id, rate, book_id, user_id, created_at, updated_at)
VALUES(7, 3, 6, 4, '2023-11-02 21:37:23', '2023-11-02 21:37:23');
INSERT INTO library2.rates
(id, rate, book_id, user_id, created_at, updated_at)
VALUES(8, 4, 5, 4, '2023-11-02 21:37:29', '2023-11-02 21:37:29');
INSERT INTO library2.rates
(id, rate, book_id, user_id, created_at, updated_at)
VALUES(9, 2, 4, 4, '2023-11-02 21:37:35', '2023-11-02 21:37:35');
INSERT INTO library2.rates
(id, rate, book_id, user_id, created_at, updated_at)
VALUES(10, 1, 3, 4, '2023-11-02 21:37:40', '2023-11-02 21:37:40');
INSERT INTO library2.rates
(id, rate, book_id, user_id, created_at, updated_at)
VALUES(11, 5, 2, 4, '2023-11-02 21:37:44', '2023-11-02 21:37:44');
INSERT INTO library2.rates
(id, rate, book_id, user_id, created_at, updated_at)
VALUES(12, 3, 1, 4, '2023-11-02 21:37:49', '2023-11-02 21:37:49');